id,owner_id,dept,sensitivity
1,1,HR,LOW
2,2,Engineering,MEDIUM
3,3,Sales,HIGH
4,4,Marketing,LOW
5,5,Finance,MEDIUM
6,6,HR,HIGH
7,7,Engineering,LOW
8,8,Sales,MEDIUM
9,9,Marketing,HIGH
10,10,Finance,LOW
11,11,HR,MEDIUM
12,12,Engineering,HIGH
13,13,Sales,LOW
14,14,Marketing,MEDIUM
15,15,Finance,HIGH
16,16,HR,LOW
17,17,Engineering,MEDIUM
18,18,Sales,HIGH
19,19,Marketing,LOW
20,20,Finance,MEDIUM
21,21,HR,HIGH
22,22,Engineering,LOW
23,23,Sales,MEDIUM
24,24,Marketing,HIGH
25,25,Finance,LOW
26,1,HR,HIGH
27,2,Engineering,LOW
28,3,Sales,MEDIUM
29,4,Marketing,HIGH
30,5,Finance,LOW
31,6,HR,MEDIUM
32,7,Engineering,HIGH
33,8,Sales,LOW
34,9,Marketing,MEDIUM
35,10,Finance,HIGH
36,11,HR,LOW
37,12,Engineering,MEDIUM
38,13,Sales,HIGH
39,14,Marketing,LOW
40,15,Finance,MEDIUM
41,16,HR,HIGH
42,17,Engineering,LOW
43,18,Sales,MEDIUM
44,19,Marketing,HIGH
45,20,Finance,LOW
46,21,HR,MEDIUM
47,22,Engineering,HIGH
48,23,Sales,LOW
49,24,Marketing,MEDIUM
50,25,Finance,HIGH
51,1,HR,LOW
52,2,Engineering,MEDIUM
53,3,Sales,HIGH
54,4,Marketing,LOW
55,5,Finance,MEDIUM
56,6,HR,HIGH
57,7,Engineering,LOW
58,8,Sales,MEDIUM
59,9,Marketing,HIGH
60,10,Finance,LOW
61,11,HR,MEDIUM
62,12,Engineering,HIGH
63,13,Sales,LOW
64,14,Marketing,MEDIUM
65,15,Finance,HIGH
66,16,HR,LOW
67,17,Engineering,MEDIUM
68,18,Sales,HIGH
69,19,Marketing,LOW
70,20,Finance,MEDIUM
71,21,HR,HIGH
72,22,Engineering,LOW
73,23,Sales,MEDIUM
74,24,Marketing,HIGH
75,25,Finance,LOW
76,1,HR,MEDIUM
77,2,Engineering,HIGH
78,3,Sales,LOW
79,4,Marketing,MEDIUM
80,5,Finance,HIGH
81,6,HR,LOW
82,7,Engineering,MEDIUM
83,8,Sales,HIGH
84,9,Marketing,LOW
85,10,Finance,MEDIUM
86,11,HR,HIGH
87,12,Engineering,LOW
88,13,Sales,MEDIUM
89,14,Marketing,HIGH
90,15,Finance,LOW
91,16,HR,MEDIUM
92,17,Engineering,HIGH
93,18,Sales,LOW
94,19,Marketing,MEDIUM
95,20,Finance,HIGH
96,21,HR,LOW
97,22,Engineering,MEDIUM
98,23,Sales,HIGH
99,24,Marketing,LOW
100,25,Finance,MEDIUM
